"APPLE iPhone 15 Plus (Pink, 256 GB)","256 GB ROM17.02 cm (6.7 inch) Super Retina XDR Display48MP + 12MP | 12MP Front CameraA16 Bionic Chip, 6 Core Processor Processor1 Year Warranty for Phone and 6 Months Warranty for In-Box Accessories",4.7,919 Ratings & 106 Reviews,"₹96,990","₹99,900",2% off
"APPLE iPhone 15 Plus (Pink, 128 GB)","128 GB ROM17.02 cm (6.7 inch) Super Retina XDR Display48MP + 12MP | 12MP Front CameraA16 Bionic Chip, 6 Core Processor Processor1 Year Warranty for Phone and 6 Months Warranty for In-Box Accessories",4.7,919 Ratings & 106 Reviews,"₹86,990","₹89,900",3% off
"APPLE iPhone 15 (Pink, 256 GB)","256 GB ROM15.49 cm (6.1 inch) Super Retina XDR Display48MP + 12MP | 12MP Front CameraA16 Bionic Chip, 6 Core Processor Processor1 Year Warranty for Phone and 6 Months Warranty for In-Box Accessories",4.6,"1,980 Ratings & 170 Reviews","₹86,990","₹89,900",3% off
"APPLE iPhone 13 (Pink, 128 GB)",128 GB ROM15.49 cm (6.1 inch) Super Retina XDR Display12MP + 12MP | 12MP Front CameraA15 Bionic Chip ProcessorBrand Warranty for 1 Year,4.6,"2,74,795 Ratings & 13,381 Reviews","₹59,900",,
"APPLE iPhone 15 (Pink, 128 GB)","128 GB ROM15.49 cm (6.1 inch) Super Retina XDR Display48MP + 12MP | 12MP Front CameraA16 Bionic Chip, 6 Core Processor Processor1 Year Warranty for Phone and 6 Months Warranty for In-Box Accessories",4.6,"1,980 Ratings & 170 Reviews","₹76,990","₹79,900",3% off
"APPLE iPhone 15 Plus (Pink, 512 GB)","512 GB ROM17.02 cm (6.7 inch) Super Retina XDR Display48MP + 12MP | 12MP Front CameraA16 Bionic Chip, 6 Core Processor Processor1 Year Warranty for Phone and 6 Months Warranty for In-Box Accessories",4.7,919 Ratings & 106 Reviews,"₹1,16,990","₹1,19,900",2% off
"APPLE iPhone 15 (Pink, 512 GB)","512 GB ROM15.49 cm (6.1 inch) Super Retina XDR Display48MP + 12MP | 12MP Front CameraA16 Bionic Chip, 6 Core Processor Processor1 Year Warranty for Phone and 6 Months Warranty for In-Box Accessories",4.6,"1,980 Ratings & 170 Reviews","₹1,06,990","₹1,09,900",2% off
"APPLE iPhone 13 (Pink, 512 GB)",512 GB ROM15.49 cm (6.1 inch) Super Retina XDR Display12MP + 12MP | 12MP Front CameraA15 Bionic Chip ProcessorBrand Warranty for 1 Year,4.6,"2,74,795 Ratings & 13,381 Reviews","₹89,900",,
"APPLE iPhone 13 (Pink, 256 GB)",256 GB ROM15.49 cm (6.1 inch) Super Retina XDR Display12MP + 12MP | 12MP Front CameraA15 Bionic Chip ProcessorBrand Warranty for 1 Year,4.6,"2,74,795 Ratings & 13,381 Reviews","₹69,900",,
"APPLE iPhone 13 mini (Pink, 128 GB)",128 GB ROM13.72 cm (5.4 inch) Super Retina XDR Display12MP + 12MP | 12MP Front CameraA15 Bionic Chip ProcessorBrand Warranty for 1 Year,4.5,"3,754 Ratings & 328 Reviews","₹61,999","₹64,900",4% off
"APPLE iPhone 13 mini (Pink, 512 GB)",512 GB ROM13.72 cm (5.4 inch) Super Retina XDR Display12MP + 12MP | 12MP Front CameraA15 Bionic Chip ProcessorBrand Warranty for 1 Year,4.5,"3,754 Ratings & 328 Reviews","₹91,999","₹94,900",3% off
"APPLE iPhone 13 mini (Pink, 256 GB)",256 GB ROM13.72 cm (5.4 inch) Super Retina XDR Display12MP + 12MP | 12MP Front CameraA15 Bionic Chip ProcessorBrand Warranty for 1 Year,4.5,"3,754 Ratings & 328 Reviews","₹71,999","₹74,900",3% off
"APPLE iPhone 5C (Pink, 8 GB)",8 GB ROM10.16 cm (4 inch) Retina Display8MP Rear Camera | 1.2MP Front CameraA6 Chip Processor1 Year Manufacturer Warranty,3.9,"1,327 Ratings & 265 Reviews","₹37,500",,
"APPLE iPhone 15 Plus (Pink, 256 GB)","256 GB ROM17.02 cm (6.7 inch) Super Retina XDR Display48MP + 12MP | 12MP Front CameraA16 Bionic Chip, 6 Core Processor Processor1 Year Warranty for Phone and 6 Months Warranty for In-Box Accessories",4.7,919 Ratings & 106 Reviews,"₹96,990","₹99,900",2% off
"APPLE iPhone 13 (Pink, 128 GB)",128 GB ROM15.49 cm (6.1 inch) Super Retina XDR Display12MP + 12MP | 12MP Front CameraA15 Bionic Chip ProcessorBrand Warranty for 1 Year,4.6,"2,74,795 Ratings & 13,381 Reviews","₹59,900",,
"APPLE iPhone 15 Plus (Pink, 128 GB)","128 GB ROM17.02 cm (6.7 inch) Super Retina XDR Display48MP + 12MP | 12MP Front CameraA16 Bionic Chip, 6 Core Processor Processor1 Year Warranty for Phone and 6 Months Warranty for In-Box Accessories",4.7,919 Ratings & 106 Reviews,"₹86,990","₹89,900",3% off
"APPLE iPhone 15 (Pink, 256 GB)","256 GB ROM15.49 cm (6.1 inch) Super Retina XDR Display48MP + 12MP | 12MP Front CameraA16 Bionic Chip, 6 Core Processor Processor1 Year Warranty for Phone and 6 Months Warranty for In-Box Accessories",4.6,"1,980 Ratings & 170 Reviews","₹86,990","₹89,900",3% off
"APPLE iPhone 15 (Pink, 128 GB)","128 GB ROM15.49 cm (6.1 inch) Super Retina XDR Display48MP + 12MP | 12MP Front CameraA16 Bionic Chip, 6 Core Processor Processor1 Year Warranty for Phone and 6 Months Warranty for In-Box Accessories",4.6,"1,980 Ratings & 170 Reviews","₹76,990","₹79,900",3% off
"APPLE iPhone 15 Plus (Pink, 512 GB)","512 GB ROM17.02 cm (6.7 inch) Super Retina XDR Display48MP + 12MP | 12MP Front CameraA16 Bionic Chip, 6 Core Processor Processor1 Year Warranty for Phone and 6 Months Warranty for In-Box Accessories",4.7,919 Ratings & 106 Reviews,"₹1,16,990","₹1,19,900",2% off
"APPLE iPhone 15 (Pink, 512 GB)","512 GB ROM15.49 cm (6.1 inch) Super Retina XDR Display48MP + 12MP | 12MP Front CameraA16 Bionic Chip, 6 Core Processor Processor1 Year Warranty for Phone and 6 Months Warranty for In-Box Accessories",4.6,"1,980 Ratings & 170 Reviews","₹1,06,990","₹1,09,900",2% off
"APPLE iPhone 13 mini (Pink, 512 GB)",512 GB ROM13.72 cm (5.4 inch) Super Retina XDR Display12MP + 12MP | 12MP Front CameraA15 Bionic Chip ProcessorBrand Warranty for 1 Year,4.5,"3,754 Ratings & 328 Reviews","₹91,999","₹94,900",3% off
"APPLE iPhone 13 mini (Pink, 256 GB)",256 GB ROM13.72 cm (5.4 inch) Super Retina XDR Display12MP + 12MP | 12MP Front CameraA15 Bionic Chip ProcessorBrand Warranty for 1 Year,4.5,"3,754 Ratings & 328 Reviews","₹71,999","₹74,900",3% off
"APPLE iPhone 13 (Pink, 512 GB)",512 GB ROM15.49 cm (6.1 inch) Super Retina XDR Display12MP + 12MP | 12MP Front CameraA15 Bionic Chip ProcessorBrand Warranty for 1 Year,4.6,"2,74,795 Ratings & 13,381 Reviews","₹89,900",,
"APPLE iPhone 13 (Pink, 256 GB)",256 GB ROM15.49 cm (6.1 inch) Super Retina XDR Display12MP + 12MP | 12MP Front CameraA15 Bionic Chip ProcessorBrand Warranty for 1 Year,4.6,"2,74,795 Ratings & 13,381 Reviews","₹69,900",,
"APPLE iPhone 13 mini (Pink, 128 GB)",128 GB ROM13.72 cm (5.4 inch) Super Retina XDR Display12MP + 12MP | 12MP Front CameraA15 Bionic Chip ProcessorBrand Warranty for 1 Year,4.5,"3,754 Ratings & 328 Reviews","₹61,999","₹64,900",4% off
"APPLE iPhone 5C (Pink, 8 GB)",8 GB ROM10.16 cm (4 inch) Retina Display8MP Rear Camera | 1.2MP Front CameraA6 Chip Processor1 Year Manufacturer Warranty,3.9,"1,327 Ratings & 265 Reviews","₹37,500",,
"realme 11x 5G (Purple Dawn, 128 GB)",8 GB RAM | 128 GB ROM | Expandable Upto 2 TB17.07 cm (6.72 inch) Full HD+ Display64MP + 2MP | 8MP Front Camera5000 mAh BatteryDimensity 6100+ Processor1 Year Manufacturer Warranty for Phone and 6 Months Warranty for In the Box Accessories,4.3,"10,302 Ratings & 712 Reviews","₹15,999","₹18,999",15% off
"realme 11x 5G (Purple Dawn, 128 GB)",6 GB RAM | 128 GB ROM | Expandable Upto 2 TB17.07 cm (6.72 inch) Full HD+ Display64MP + 2MP | 8MP Front Camera5000 mAh BatteryDimensity 6100+ Processor1 Year Manufacturer Warranty for Phone and 6 Months Warranty for In the Box Accessories,4.4,"90,680 Ratings & 5,812 Reviews","₹14,999","₹16,999",11% off
"realme 11x 5G (Midnight Black, 128 GB)",8 GB RAM | 128 GB ROM | Expandable Upto 2 TB17.07 cm (6.72 inch) Full HD+ Display64MP + 2MP | 8MP Front Camera5000 mAh BatteryDimensity 6100+ Processor1 Year Manufacturer Warranty for Phone and 6 Months Warranty for In the Box Accessories,4.3,"10,302 Ratings & 712 Reviews","₹15,999","₹18,999",15% off
"realme 11x 5G (Midnight Black, 128 GB)",6 GB RAM | 128 GB ROM | Expandable Upto 2 TB17.07 cm (6.72 inch) Full HD+ Display64MP + 2MP | 8MP Front Camera5000 mAh BatteryDimensity 6100+ Processor1 Year Manufacturer Warranty for Phone and 6 Months Warranty for In the Box Accessories,4.4,"90,680 Ratings & 5,812 Reviews","₹14,999","₹16,999",11% off
"realme 10 (Rush Black, 128 GB)",8 GB RAM | 128 GB ROM | Expandable Upto 1 TB16.26 cm (6.4 inch) Full HD+ Display50MP + 2MP | 16MP Front Camera5000 mAh BatteryMediatek Helio G99 Octa Core Processor1 Year Manufacturer Warranty for Phone and 6 Months Warranty for In-Box Accessories,4.3,"11,547 Ratings & 824 Reviews","₹12,999","₹19,999",35% off
"realme 10 (Rush Black, 64 GB)",4 GB RAM | 64 GB ROM | Expandable Upto 1 TB16.26 cm (6.4 inch) Full HD+ Display50MP + 2MP | 16MP Front Camera5000 mAh BatteryMediatek Helio G99 Octa Core Processor1 Year Manufacturer Warranty for Phone and 6 Months Warranty for In-Box Accessories,4.1,"25,037 Ratings & 2,108 Reviews","₹9,999","₹15,999",37% off
"realme 10 (Clash White, 64 GB)",4 GB RAM | 64 GB ROM | Expandable Upto 1 TB16.26 cm (6.4 inch) Full HD+ Display50MP + 2MP | 16MP Front Camera5000 mAh BatteryMediatek Helio G99 Octa Core Processor1 Year Manufacturer Warranty for Phone and 6 Months Warranty for In-Box Accessories,4.1,"25,037 Ratings & 2,108 Reviews","₹9,999","₹15,999",37% off
realme Narzo 60x 5G,4 GB RAM | 128 GB ROM17.07 cm (6.72 inch) Display50MP Rear Camera5000 mAh Battery1 Year Brand Warranty,4.3,595 Ratings & 33 Reviews,"₹14,290","₹14,999",4% off
"realme Narzo 60x 5G (Stellar Green, 128 GB)",4 GB RAM | 128 GB ROM17.07 cm (6.72 inch) Display50MP Rear Camera5000 mAh Battery1 Year Brand Warranty,4.3,595 Ratings & 33 Reviews,"₹13,110","₹14,999",12% off
"realme Narzo 60X 5G (Nebula Purple, 128 GB)",6 GB RAM | 128 GB ROM17.07 cm (6.72 inch) Display50MP Rear Camera5000 mAh BatteryDomestic Warranty 1 Year For Handset and 6 Months For Accessories.,4.3,796 Ratings & 49 Reviews,"₹14,789","₹15,999",7% off
"realme Narzo 60X 5G (Stellar Green, 128 GB)",6 GB RAM | 128 GB ROM17.07 cm (6.72 inch) Display50MP Rear Camera5000 mAh BatteryDomestic Warranty 1 Year For Handset and 6 Months For Accessories.,4.3,796 Ratings & 49 Reviews,"₹14,995","₹15,999",6% off
"realme 10 Pro+ 5G (Hyperspace, 128 GB)",8 GB RAM | 128 GB ROM17.02 cm (6.7 inch) Full HD+ Display108MP + 8MP + 2MP | 16MP Front Camera5000 mAh BatteryMediatek Dimensity 1080 5G Processor1 Year Manufacturer Warranty for Phone and 6 Months Warranty for In-Box Accessories,4.4,"25,618 Ratings & 2,128 Reviews","₹25,999","₹27,999",7% off
"realme C53 (Champion Black, 128 GB)",4 GB RAM | 128 GB ROM | Expandable Upto 2 TB17.12 cm (6.74 inch) HD Display108MP + 2MP | 8MP Front Camera5000 mAh BatteryT612 Processor1 Year Manufacturer Warranty for Phone and 6 Months Warranty for In the Box Accessories,4.1,"17,839 Ratings & 1,297 Reviews","₹9,999","₹11,999",16% off
"realme 10 Pro+ 5G (Hyperspace, 128 GB)",6 GB RAM | 128 GB ROM17.02 cm (6.7 inch) Full HD+ Display108MP + 8MP + 2MP | 16MP Front Camera5000 mAh BatteryMediatek Dimensity 1080 5G Processor1 Year Manufacturer Warranty for Phone and 6 Months Warranty for In-Box Accessories,4.4,"33,867 Ratings & 2,901 Reviews","₹24,999","₹25,999",3% off
"realme Narzo 60X 5G (Nebula Purple, 128 GB)",4 GB RAM | 128 GB ROM17.07 cm (6.72 inch) Display50MP Rear Camera5000 mAh BatteryDomestic Warranty 1 Year For Handset and 6 Months For Accessories.,4.3,595 Ratings & 33 Reviews,"₹13,225","₹14,999",11% off
"realme Narzo 10 (That White, 128 GB)",4 GB RAM | 128 GB ROM | Expandable Upto 256 GB16.51 cm (6.5 inch) HD+ Display48MP + 8MP + 2MP + 2MP | 16MP Front Camera5000 mAh Lithium-ion BatteryMediaTek Helio G80 (12 nm) ProcessorBrand Warranty of 1 Year Available for Mobile and 6 Months for Accessories,4.5,"1,82,976 Ratings & 13,421 Reviews","₹12,999","₹13,999",7% off
"realme X7 Pro 5G (Mystic Black, 128 GB)",8 GB RAM | 128 GB ROM16.64 cm (6.55 inch) Full HD+ Display64MP + 8MP + 2MP + 2MP | 32MP Front Camera4500 mAh BatteryMediaTek Dimensity 1000 Plus Processor120 Hz sAmoled Display|65W SuperDart ChargingDual Stereo Speakers with Dolby AtmosBrand Warranty of 1 Year Available for Mobile and 6 Months for Accessories,4.2,"13,497 Ratings & 1,699 Reviews","₹29,999","₹32,999",9% off
"realme X7 Pro 5G (Fantasy, 128 GB)",8 GB RAM | 128 GB ROM16.64 cm (6.55 inch) Full HD+ Display64MP + 8MP + 2MP + 2MP | 32MP Front Camera4500 mAh BatteryMediaTek Dimensity 1000 Plus Processor120 Hz sAmoled Display|65W SuperDart ChargingDual Stereo Speakers with Dolby AtmosBrand Warranty of 1 Year Available for Mobile and 6 Months for Accessories,4.2,"13,497 Ratings & 1,699 Reviews","₹29,999","₹32,999",9% off
"realme X7 Max (Asteroid Black, 128 GB)",8 GB RAM | 128 GB ROM16.33 cm (6.43 inch) Full HD+ Display64MP + 8MP + 2MP | 16MP Front Camera4500 mAh BatteryMediaTek Dimensity 1200 Processor120Hz Super AMOLED Display1 Year Warranty for Mobile and 6 Months for Accessories,4.4,"34,834 Ratings & 4,751 Reviews","₹23,999","₹29,999",20% off
"realme Narzo 10 (That Blue, 128 GB)",4 GB RAM | 128 GB ROM | Expandable Upto 256 GB16.51 cm (6.5 inch) HD+ Display48MP + 8MP + 2MP + 2MP | 16MP Front Camera5000 mAh Lithium-ion BatteryMediaTek Helio G80 (12 nm) ProcessorBrand Warranty of 1 Year Available for Mobile and 6 Months for Accessories,4.5,"1,82,976 Ratings & 13,421 Reviews","₹11,999","₹12,999",7% off
"realme X3 SuperZoom (Arctic White, 256 GB)",8 GB RAM | 256 GB ROM16.69 cm (6.57 inch) Full HD+ Display64MP + 8MP + 8MP + 2MP | 32MP + 8MP Dual Front Camera4200 mAh BatteryQualcomm Snapdragon 855+ Processor120 Hz Smooth DisplayUIS and UIS Max Ultra Image StabilizationLiquid Cooling SystemBrand Warranty of 1 Year Available for Mobile and 6 Months for Accessories,4.3,"11,248 Ratings & 1,179 Reviews","₹30,049","₹31,999",6% off
"realme X50 Pro (Moss Green, 256 GB)",12 GB RAM | 256 GB ROM16.36 cm (6.44 inch) Full HD+ Display64MP + 12MP + 8MP + 2MP | 32MP + 8MP Dual Front Camera4200 mAh Battery5G PhoneQualcomm Snapdragon 865 Processor65W Superdart ChargeBrand Warranty of 1 Year Available for Mobile and 6 Months for Accessories,4.4,"1,668 Ratings & 190 Reviews","₹32,290","₹47,999",32% off
"realme X3 SuperZoom (Glacier Blue, 256 GB)",12 GB RAM | 256 GB ROM16.69 cm (6.57 inch) Full HD+ Display64MP + 8MP + 8MP + 2MP | 32MP + 8MP Dual Front Camera4200 mAh BatteryQualcomm Snapdragon 855+ Processor120 Hz Smooth DisplayUIS and UIS Max Ultra Image StabilizationLiquid Cooling SystemBrand Warranty of 1 Year Available for Mobile and 6 Months for Accessories,4.2,"3,180 Ratings & 348 Reviews","₹34,999",,
"realme X3 SuperZoom (Glacier Blue, 256 GB)",8 GB RAM | 256 GB ROM16.69 cm (6.57 inch) Full HD+ Display64MP + 8MP + 8MP + 2MP | 32MP + 8MP Dual Front Camera4200 mAh BatteryQualcomm Snapdragon 855+ Processor120 Hz Smooth DisplayUIS and UIS Max Ultra Image StabilizationLiquid Cooling SystemBrand Warranty of 1 Year Available for Mobile and 6 Months for Accessories,4.3,"11,248 Ratings & 1,179 Reviews","₹31,999",,
"APPLE iPhone 15 (Pink, 128 GB)","128 GB ROM15.49 cm (6.1 inch) Super Retina XDR Display48MP + 12MP | 12MP Front CameraA16 Bionic Chip, 6 Core Processor Processor1 Year Warranty for Phone and 6 Months Warranty for In-Box Accessories",4.6,"2,232 Ratings & 182 Reviews","₹77,900","₹79,900",2% off
"APPLE iPhone 15 Plus (Pink, 128 GB)","128 GB ROM17.02 cm (6.7 inch) Super Retina XDR Display48MP + 12MP | 12MP Front CameraA16 Bionic Chip, 6 Core Processor Processor1 Year Warranty for Phone and 6 Months Warranty for In-Box Accessories",4.7,"1,012 Ratings & 117 Reviews","₹87,900","₹89,900",2% off
"APPLE iPhone 13 (Pink, 128 GB)",128 GB ROM15.49 cm (6.1 inch) Super Retina XDR Display12MP + 12MP | 12MP Front CameraA15 Bionic Chip ProcessorBrand Warranty for 1 Year,4.6,"2,75,284 Ratings & 13,401 Reviews","₹58,900","₹59,900",1% off
"APPLE iPhone 15 (Pink, 256 GB)","256 GB ROM15.49 cm (6.1 inch) Super Retina XDR Display48MP + 12MP | 12MP Front CameraA16 Bionic Chip, 6 Core Processor Processor1 Year Warranty for Phone and 6 Months Warranty for In-Box Accessories",4.6,"2,232 Ratings & 182 Reviews","₹87,900","₹89,900",2% off
"APPLE iPhone 15 Plus (Pink, 256 GB)","256 GB ROM17.02 cm (6.7 inch) Super Retina XDR Display48MP + 12MP | 12MP Front CameraA16 Bionic Chip, 6 Core Processor Processor1 Year Warranty for Phone and 6 Months Warranty for In-Box Accessories",4.7,"1,012 Ratings & 117 Reviews","₹98,900","₹99,900",1% off
"APPLE iPhone 15 (Pink, 512 GB)","512 GB ROM15.49 cm (6.1 inch) Super Retina XDR Display48MP + 12MP | 12MP Front CameraA16 Bionic Chip, 6 Core Processor Processor1 Year Warranty for Phone and 6 Months Warranty for In-Box Accessories",4.6,"2,232 Ratings & 182 Reviews","₹1,07,900","₹1,09,900",1% off
"APPLE iPhone 15 Plus (Pink, 512 GB)","512 GB ROM17.02 cm (6.7 inch) Super Retina XDR Display48MP + 12MP | 12MP Front CameraA16 Bionic Chip, 6 Core Processor Processor1 Year Warranty for Phone and 6 Months Warranty for In-Box Accessories",4.7,"1,012 Ratings & 117 Reviews","₹1,17,900","₹1,19,900",1% off
"APPLE iPhone 13 (Pink, 256 GB)",256 GB ROM15.49 cm (6.1 inch) Super Retina XDR Display12MP + 12MP | 12MP Front CameraA15 Bionic Chip ProcessorBrand Warranty for 1 Year,4.6,"2,75,284 Ratings & 13,401 Reviews","₹68,900","₹69,900",1% off
"APPLE iPhone 13 (Pink, 512 GB)",512 GB ROM15.49 cm (6.1 inch) Super Retina XDR Display12MP + 12MP | 12MP Front CameraA15 Bionic Chip ProcessorBrand Warranty for 1 Year,4.6,"2,75,284 Ratings & 13,401 Reviews","₹87,990","₹89,900",2% off
"APPLE iPhone 13 mini (Pink, 256 GB)",256 GB ROM13.72 cm (5.4 inch) Super Retina XDR Display12MP + 12MP | 12MP Front CameraA15 Bionic Chip ProcessorBrand Warranty for 1 Year,4.5,"3,763 Ratings & 328 Reviews","₹71,999","₹74,900",3% off
"APPLE iPhone 13 mini (Pink, 128 GB)",128 GB ROM13.72 cm (5.4 inch) Super Retina XDR Display12MP + 12MP | 12MP Front CameraA15 Bionic Chip ProcessorBrand Warranty for 1 Year,4.5,"3,763 Ratings & 328 Reviews","₹61,999","₹64,900",4% off
"APPLE iPhone 13 mini (Pink, 512 GB)",512 GB ROM13.72 cm (5.4 inch) Super Retina XDR Display12MP + 12MP | 12MP Front CameraA15 Bionic Chip ProcessorBrand Warranty for 1 Year,4.5,"3,763 Ratings & 328 Reviews","₹91,999","₹94,900",3% off
"APPLE iPhone 5C (Pink, 8 GB)",8 GB ROM10.16 cm (4 inch) Retina Display8MP Rear Camera | 1.2MP Front CameraA6 Chip Processor1 Year Manufacturer Warranty,3.9,"1,327 Ratings & 265 Reviews","₹37,500",,
